type,sand % topsoil,sand % subsoil,silt % topsoil,silt% subsoil,clay % topsoil,clay % subsoil,pH water topsoil,pH water subsoil,OC % topsoil,OC % subsoil,N % topsoil,N % subsoil,BS % topsoil,BS % subsoil,CEC topsoil,CEC subsoil,CEC clay topsoil,CEC Clay subsoil,CaCO3 % topsoil,CaCO3 % subsoil,BD topsoil,BD subsoil,C/N topsoil,C/N subsoil
A,53.3,44.3,17.2,17.1,29.5,38.6,5.2,5.2,1.74,0.63,0.17,0.08,37,29,8.7,8,34,22,0,0,1.3,1.3,14,12
AF,61.7,52.5,14.4,12.9,23.9,34.6,5.4,5.3,0.91,0.34,0.12,0.06,43,34,7.8,6.9,34,22,0,0,1.4,1.4,14,14
AF 1,81.1,75.5,8.7,8.9,10.2,15.6,5.7,5.5,0.35,0.2,0.07,0.03,47,43,4.4,4.6,38,26,0,0,1.7,1.6,14,9
AF 2,61.7,44.5,14.3,10.8,24,44.7,5.1,5.2,1.05,0.37,0.11,0.03,37,28,9.6,7.2,31,17,0,0,1.4,1.4,16,18
AF 3,21.3,13.1,25.7,24.4,52.9,62.3,5,4.9,1.85,0.58,0.15,0.1,42,23,12.5,11.1,27,16,0,0,1.2,1.2,13,9
AG,40.9,36.8,27.2,29.7,32.1,33.4,5.1,4.9,2.26,0.34,0.11,0.03,22,16,11.2,9.8,53,32,0,0,0.8,1.3,21,8
AG 1,89.3,72.5,7.2,9.5,3.5,17.9,5.5,5.1,0.5,0.16,0.02,0.02,55,34,1.2,2.5,52,14,0,0,1.7,1.6,25,8
AG 2,9.6,15.8,75.2,64.7,15.3,19.6,4.4,4.2,3.07,0.25,0.14,0.03,8,15,12.5,11.8,87,60,0,0,1.3,1.4,22,8
AG 3,35.2,32,17.9,24.8,47.2,43.2,5.2,5.1,1.99,0.38,0.18,0.02,16,11,14.1,11.6,36,28,0,0,0.8,1.3,20,8
AH,31.3,27.1,24.8,25.1,43.8,47.8,5,5.4,3.34,1.49,0.29,0.14,20,16,18,17.9,22,24,0,0,1,1,12,12
AH 1,72.8,71.9,14.6,10.6,12.6,17.4,5,5,1.58,0.9,0.28,0.12,6,5,28.4,28,30,30,0,0,1.6,1.5,6,8
AH 2,52.4,45.4,27.9,33,19.6,21.5,5.1,5.7,4.46,1.95,0.36,0.17,4,6,7.3,1.9,32,7,0,0,1.3,1.3,15,15
AH 3,9.2,7.4,26.1,22.2,64.8,70.4,5,5.3,2.88,1.25,0.25,0.13,27,21,18.1,19.4,22,24,0,0,1,1,11,11
AO,53.6,43.4,15.8,16,30.6,40.6,5.1,5.2,2.25,0.75,0.18,0.07,39,32,7.6,7.5,35,23,0,0,1.3,1.3,14,12
AO 1,82.3,68.1,8.6,11.4,9.2,20.5,5,5.1,0.3,0.21,0.06,0.02,41,41,4.1,5.4,47,30,0,0,1.6,1.6,5,11
AO 2,51,41.3,21.6,17.2,27.4,41.5,5.3,5,1.73,0.73,0.13,0.08,53,34,7.7,7.8,47,21,0,0,1.5,1.4,12,10
AO 3,33,28.9,14.2,15.5,52.9,55.6,5.2,5.4,1.84,0.89,0.12,0.07,31,28,8.6,6.8,15,12,0,0,1.2,1.2,17,14
AP,57,46.2,15.6,17.1,27.1,36.8,5.3,5,1.09,0.26,0.09,0.03,31,17,6,5.7,33,16,0,0,1.2,1.4,12,10
AP 1,80,65.1,12,14.6,7.8,20.3,5.6,5,0.69,0.2,0.05,0.02,40,19,3,3.2,34,13,0,0,1.7,1.7,12,10
AP 2,58.7,45.4,16.3,17.4,25,37.1,5.8,5.6,0.87,0.29,0.07,0.03,28,20,6,6.8,29,18,0,0,1.4,1.4,12,10
AP 3,10.4,8.8,22.7,22,66.7,69.6,4.5,4.6,2.91,0.49,0.23,0.05,17,13,12.1,10.2,32,20,0,0,1.2,1.4,13,10
B,60.4,60,17,16.6,22.5,23.4,6.9,7.2,1.17,0.57,0.25,0.12,79,80,14.2,12.7,51,47,2.1,4.3,1.2,1.3,12,11
BC,40.1,41.8,21.5,22.7,38.4,35.5,5.7,5.8,1.44,0.74,0.17,0.09,67,68,15.7,18.9,54,54,0.5,0.5,0.8,0.7,10,9
BC 1,80,60,10,25,10,15,5.6,5.7,1,0.5,0.1,0.06,40,45,7.8,12,77,80,0,0,1.3,1.4,10,8
BC 2,56.7,56.8,23.6,20.6,19.8,22.5,5.8,5.9,1.22,0.61,0.13,0.08,81,82,15.6,18.1,74,68,1,1.1,1.1,1.2,10,8
BC 3,15.3,19.3,18.5,25.7,66.3,55,5.6,5.6,1.77,0.93,0.24,0.12,47,48,15.9,20,24,39,0,0,0.8,0.7,11,10
BD,32.7,29.8,30.3,37.6,37.1,32.3,4.9,5.3,3.28,0.87,0.23,0.05,16,20,19.1,14.1,53,39,0,0,0.8,0.9,12,15
BD 1,70,65,20,20,10,15,4.8,5.2,3,1,0.2,0.1,15,20,6.8,9.5,64,62,0,0,1.3,1.4,15,10
BD 2,39.9,38.2,34.1,38.4,26,22.7,5.4,5.8,4.26,1.33,0.29,0.06,23,33,17.6,14.4,67,59,0,0,0.7,0.9,15,10
BD 3,27.8,24.2,27.8,37,44.4,38.8,4.6,5,2.62,0.57,0.21,0.04,12,11,20.1,13.8,43,20,0,0,1,1,12,17
BE,36.4,41.7,37.2,32.1,26.4,26.3,6.9,7.1,1.07,0.51,0.18,0.04,88,88,20.7,19.9,62,55,0.7,1.1,1.4,1.3,9,13
BE 1,84.5,78.3,6.1,7.6,10.4,15.4,6.7,6.6,0.2,0.2,0.02,0.02,65,66,8.9,12.5,78,76,0,0,1.3,1.4,10,10
BE 2,36.4,40.4,41.1,35.2,22.5,24.4,6.9,7,1.26,0.56,0.21,0.04,88,87,19.3,19.7,63,54,0.4,0.7,1.4,1.3,10,10
BE 3,18.8,22.7,35.7,35.5,45.4,41.6,7.1,7.4,0.68,0.25,0.17,0.03,91,96,25.2,22.4,53,51,2.7,6,1,1.1,8,8
BF,34.2,31.5,15.5,18.7,50.2,50,5,5.2,2.76,0.72,0.21,0.11,16,28,12.8,9.3,21,15,0,0,0.9,1,8,6
BF 1,82.2,89.5,10,8.3,8,3.2,4.6,4.8,2,0.75,0.13,0.09,9,26,5.9,3.8,14,6,0,0,1.2,1.3,15,8
BF 2,60,50,12,14,28,36,4.9,5,2.5,0.75,0.2,0.09,15,25,12.8,9.3,43,25,0,0,1.1,1.2,12,8
BF 3,22.3,17,16.9,21.3,60.7,61.7,5.1,5.2,3.22,0.75,0.26,0.09,16,24,14.7,9.9,22,16,0,0,0.9,1,12,8
BG,34.2,35.3,20.4,16.1,45.4,48.4,5.9,5.8,1.82,1.31,0.23,0.18,52,45,20.1,16.9,51,42,0.8,0.8,1.7,1.8,11,9
BG 1,78.9,76.4,8.2,7.2,12.4,15.6,4.9,4.9,0.9,0.21,0.06,0.03,18,11,6,4.9,42,32,0,0,1.7,1.8,15,7
BG 2,71.3,75.5,3.7,2.3,25,22.2,7.4,7.6,0.18,0.1,0.01,0.01,89,91,23.2,19,90,84,4.1,4.1,1.5,1.6,15,8
BG 3,6.9,8.3,30,23.7,63.1,68.1,5.8,5.5,2.68,2.09,0.28,0.22,51,40,23.8,20.2,41,31,0,0,1.4,1.6,10,10
BH,55.2,60.4,21,16.5,23.8,23.2,5.3,5.8,3.86,1.78,0.47,0.21,38,39,17.9,12.9,50,48,0,0,0.9,1,11,11
BH 1,82.5,81.1,6.1,2.9,11.6,16.1,5.7,7,0.95,0.25,0.14,0.05,71,95,4.8,14.4,60,63,0,0,1.1,1.2,12,8
BH 2,54.2,53.4,25.7,21.1,20.1,25.6,5.2,5.5,5.11,2.52,0.54,0.25,31,29,18.4,11.9,49,48,0,0,0.9,1,11,13
BH 3,35,34,35,30,30,36,5.7,5.6,3.45,1.12,0.43,0.17,44,30,28.3,17.3,42,31,0,0,0.9,1,8,7
BK,81.6,81.6,6.8,6.7,11.7,11.8,7.6,8.2,0.44,0.22,0.19,0.09,95,97,7.6,6.3,48,46,3.7,10.2,1.4,1.5,14,5
BK 1,88.2,86.2,4.2,4.4,7.7,9.4,7.7,8.2,0.26,0.18,0.03,0.03,95,96,4.7,4.5,48,45,1.5,4.4,1.3,1.4,10,6
BK 2,59.5,66.1,15.1,13.6,25.5,20.3,7.5,8.2,0.77,0.29,0.29,0.1,92,99,16,12.5,45,45,9.7,24.1,1.4,1.5,10,4
BK 3,10.3,13.8,40,41.9,49.7,43.4,8.6,8.7,0.84,0.49,0.09,0.07,95,100,31.8,26.4,64,60,37.5,71.9,1.2,1.1,9,7
BV,23.3,20,26,26.1,50.7,53.9,7.4,7.4,1.1,0.53,0.05,0.15,85,84,42.3,41.1,81,74,3.3,6.7,1.7,1.8,28,6
BV 1,35,33,25,25,40,42,7,7,1,0.4,0.04,0.05,80,80,33,32,81,76,0,2,1.2,1.6,25,8
BV 2,25,22,30,30,45,48,7.2,7.2,1.5,0.5,0.06,0.07,82,82,38,37,83,76,2,5,1.2,1.6,25,7
BV 3,23.3,20,26,26.1,50.7,53.9,7.4,7.4,1.1,0.53,0.05,0.15,85,84,42.3,41.1,81,74,3.3,6.7,1.7,1.8,28,6
BX,42.4,43.2,31.2,29.9,26.4,27,5.3,6.3,1.48,1.26,0.11,0.1,73,93,27.2,19.2,71,65,0,1.1,1.3,1.6,13,13
BX 1,75,71,20.6,24,4.5,5,5.2,5.3,1,0.7,0.06,0.07,64,91,30.7,12.1,90,90,0,0,1.4,1.7,15,10
BX 2,50,52,30,28,20,20,5.3,6.3,1.2,0.8,0.08,0.08,65,80,27,19,90,90,0,0,1.3,1.6,15,10
BX 3,26.2,29.3,36.5,32.8,37.4,38,5.3,7.2,1.48,1.26,0.11,0.1,77,95,25.5,22.8,71,65,0,1.7,1.3,1.6,13,13
C,42.9,38.8,27.6,27.1,29.5,34.2,7.3,8.1,1.52,0.56,0.18,0.1,93,99,21,17.7,54,56,4.8,13.4,1.2,1.2,22,15
CG,32,30,45,45,23,25,7,8,3.6,1.8,0.3,0.15,80,95,25,22,60,60,0,0.5,1.1,1.4,12,12
CG 1,80,70,10,10,10,20,6.5,7.6,3,1,0.2,0.1,75,90,10,10,60,60,0,0,1.1,1.5,15,10
CG 2,30,23,50,55,20,22,7,7.8,3.6,1.5,0.3,0.15,80,100,20,18,60,60,0,0.5,1.1,1.4,12,10
CG 3,42,38,22,22,36,40,7.2,8,3.6,1.5,0.3,0.15,85,100,25,20,60,60,1,5,1.1,1.3,12,10
CH,32.2,30.8,44.1,45.7,23.7,24,7.1,8,3.04,0.97,0.26,0.11,82,100,24.5,16.4,114,92,0.1,7.3,1.1,1.3,12,9
CH 1,80,75,10,10,10,15,7,8,2,0.7,0.16,0.08,80,100,14,14,13,90,0,5,1.1,1.4,12,9
CH 2,27.3,24.9,55.1,57.2,17.6,18,7.1,8.1,2.44,0.81,0.22,0.09,82,100,24.5,16.4,114,92,0.5,7.8,1.1,1.3,11,9
CH 3,42,42.5,22,22.8,36,36.1,7.6,7.7,2.89,0.96,0.25,0.11,98,100,27,18,110,90,2,10,1.1,1.3,12,9
CK,41.6,39.3,26.6,25.4,31.8,35.3,7.5,8.3,1.32,0.51,0.18,0.13,98,100,21.8,17.6,56,57,8.1,17,1.1,1.1,11,8
CK 1,80.5,41.5,8.6,14.7,11,43.9,6.7,8.8,1.01,0.32,0.09,0.04,91,100,9.8,16.3,52,38,0,0,1.1,1.3,11,9
CK 2,41.4,47.9,31.7,28.4,26.8,23.8,7.6,8.1,1.47,0.67,0.18,0.13,99,100,18.9,14.4,60,71,10.9,19.4,1.1,1.1,11,8
CK 3,16.1,17.9,26.8,25.7,57.1,56.3,7.7,8.4,1.17,0.25,0.1,0.03,100,100,35.4,24.8,53,43,12,25,1.1,1.3,11,8
CL,46.3,40.2,24.9,24.5,28.8,35.4,7.1,7.9,1.27,0.49,0.12,0.07,91,98,19.9,18,47,50,3,12,1.3,1.3,37,26
CL 1,79.7,68.7,4.4,3.5,16,27.8,7.2,7.6,0.72,0.35,0.07,0.04,93,97,11.6,17.2,55,59,0,5,1.1,1.4,11,8
CL 2,41.2,33.3,33.8,32,25,34.8,7.1,8,1.47,0.56,0.13,0.06,87,97,18.1,15.7,45,44,2.5,14.5,1.3,1.2,44,32
CL 3,39.9,39.7,17.3,19.9,42.9,40.5,7.1,8,1.22,0.49,0.1,0.07,95,98,24.8,24,46,56,4.7,10.5,1.3,1.4,10,5
D,40.2,35,50.3,47.2,9.6,17.8,5.3,5.2,1.09,0.24,0.16,0.06,88,96,19.3,19.1,109,44,0,0,1.2,1.4,9,3
DD,3,2.4,87.8,84.3,9.2,13.3,4.4,4.8,1.14,0.4,0.08,0.02,25,45,6,9,63,66,0,0,1.2,1.4,15,20
DD 1,70,65,18,15,12,20,4.5,4.9,1,0.3,0.05,0.01,30,50,8,10,63,49,0,0,1.2,1.4,20,25
DD 2,3,2.4,87.8,84.3,9.2,13.3,4.4,4.8,1.14,0.4,0.08,0.02,25,45,8,10,83,74,0,0,1.1,1.4,15,20
DD 3,45,40,15,10,40,50,4.6,5,1.5,0.5,0.1,0.03,35,50,15,20,32,38,0,0,1.2,1.4,15,15
DE,71.1,65.5,17.8,15,11.1,19.5,5.3,5.1,1.47,0.2,0.16,0.06,65,55,10.8,11.8,109,44,0,0,1.1,1.3,9,3
DE 1,71.1,65.5,17.8,15,11.1,19.5,5.3,5.1,1.47,0.2,0.16,0.06,65,55,10,12,85,61,0,0,1.2,1.4,9,3
DE 2,50,40,40,40,10,20,5.5,5.8,2,0.6,0.2,0.12,70,80,10,12,93,58,0,0,1.1,1.3,10,5
DE 3,45,40,15,10,40,50,5.5,6,2.2,0.7,0.22,0.14,70,85,20,25,43,48,0,0,1.2,1.4,10,5
DG,46.4,37.2,45.2,42.2,8.4,20.6,5.8,5.4,0.65,0.13,0.07,0.02,88,96,27.8,26.3,80,70,0,0,1.2,1.6,10,8
DG 1,70,60,20,20,10,20,5.6,5.8,2,0.6,0.2,0.06,75,85,15,16,80,70,0,0,1.2,1.7,10,10
DG 2,46.4,37.2,45.2,42.2,8.4,20.6,5.9,5.4,0.65,0.13,0.07,0.02,90,65,9,15,80,70,0,0,1.2,1.6,10,8
DG 3,50,40,15,10,35,50,5.8,6.2,2,0.6,0.2,0.07,88,90,35,35,80,70,0,0,1.1,1.5,10,8
E,48.5,45,30.8,32,20.7,23,7.6,7.5,1.74,0.9,0.29,0.11,89,90,22.7,25,51,80,23.2,40,1.4,1.5,9,8
E  1,70,67,10,11,20,22,7.5,7.8,0.9,0.5,0.08,0.07,78,90,14,16,61,62,1.7,5,1.4,1.6,12,8
E  2,50,47,25,26,25,27,7.6,8,1.96,0.9,0.29,0.11,100,100,25.5,25,46,80,30.4,35,1.4,1.5,9,8
E  3,30,27,35,36,30,32,7.5,8.2,2,1,0.22,0.13,100,100,25,27,76,80,30,50,1.5,1.5,9,8
F,35.7,31.1,16.3,15.8,48,53,5,5.2,1.93,0.75,0.17,0.08,27,28,9,5.5,22,11,0,0,1.2,1.1,13,10
FA,23.5,22.1,27.4,25.8,49.1,52,5.2,5.4,2.63,0.98,0.19,0.09,46,43,5.8,2.8,14,9,0,0,1,1,14,10
FA 1,83,70.3,5.3,9.4,11.7,20,5.8,5.4,0.62,0.33,0.06,0.03,63,63,1.7,2.4,15,12,0,0,1.4,1.3,15,10
FA 2,55,48,9,10,36,42,5.2,5.4,2,0.7,0.13,0.07,40,40,5,3,7,5,0,0,1.3,1.2,15,10
FA 3,13.6,14.1,31.1,28.6,55.3,57.4,5.1,5.4,3.03,1.11,0.23,0.09,42,38,6.6,2.8,13,8,0,0,1,1,15,10
FH,12.8,9.1,21.6,23,65.5,67.8,4.8,5.1,3.49,1.44,0.31,0.12,12,13,14.3,9.7,23,15,0,0,1,1,14,12
FH 1,80,69,6,6,14,25,4.6,5,3,1,0.21,0.08,10,20,7,7,40,25,0,0,1.4,1.3,14,12
FH 2,45,40,25,20,30,40,4.8,5.1,3.5,1.3,0.25,0.11,15,20,15,10,38,20,0,0,1.2,1.2,14,12
FH 3,13,9.1,20.9,23,66,67.8,4.9,5.1,3.64,1.48,0.42,0.12,13,13,13.9,9.1,23,15,0,0,1,1,14,14
FO,28.7,25.8,18.4,17.3,52.9,56.9,5.1,5.3,1.92,0.67,0.22,0.1,28,31,11,6.5,23,12,0.1,0.1,1,1,11,8
FO 1,79.1,65.5,7,5.6,13.9,29,4.6,4.8,0.65,0.36,0.05,0.04,16,12,2.7,4.4,17,10,0,0,1.5,1.4,14,10
FO 2,45.7,44.5,30.1,29,24.2,26.5,5.4,5.5,1.53,0.23,0.25,0.14,29,32,9.1,5,40,19,0,0,1.2,1.2,8,3
FO 3,15.7,13.9,16.5,15.5,67.8,70.6,5.1,5.3,2.21,0.81,0.23,0.09,29,34,12.2,7.1,18,10,0.2,0.2,1,0.9,12,10
FP,44.7,33.6,20.6,27.4,34.8,38.8,4.8,4.7,1.36,0.55,0.1,0.05,15,8,7.9,5.6,26,11,0,0,1.5,1.3,14,11
FP 1,80,63,6,7,14,30,4.8,4.6,1,0.3,0.06,0.03,15,10,8,6,54,19,0,0,1.4,1.3,15,12
FP 2,42,34.5,42,39.4,16,26.1,4.8,4.6,1.04,0.32,0.06,0.03,16,10,6.1,5,38,18,0,0,1.5,1.2,15,11
FP 3,57.7,32.6,5.8,15.4,36.5,51.5,4.7,4.7,1.69,0.78,0.13,0.07,15,8,8.9,5.6,20,11,0,0,1.3,1.2,14,11
FR,40.4,36.8,14.8,13.3,44.6,49.8,5.3,5.4,1.52,0.63,0.11,0.05,37,40,8.6,4.9,26,11,0,0,1.2,1.2,15,10
FR 1,80.7,76.2,4.1,4.3,14.6,19.4,5.3,5.1,0.65,0.29,0.04,0.03,18,19,3.4,2,26,10,0,0,1.4,1.4,15,10
FR 2,69.8,60.3,7.7,7.9,22.5,31.5,5.3,5.4,0.81,0.36,0.05,0.02,49,61,2.7,1.8,14,6,0,0,1.4,1.4,14,11
FR 3,23.9,21,18.9,16.9,57.2,61.9,5.2,5.3,1.84,0.83,0.1,0.06,34,33,9.1,5.1,26,10,0,0,1.1,1,17,12
FX,52.6,47.2,7.8,6.8,39.5,45.9,4.8,4.9,1.23,0.41,0.09,0.04,22,17,5.3,3.3,20,8,0,0,1.3,1.3,14,9
FX 1,79,68.6,5.8,6.3,14.8,24.7,5.3,5,0.81,0.3,0.04,0.02,39,28,3.9,2.7,30,10,0,0,1.5,1.5,19,9
FX 2,72.9,62.3,5.9,6.7,21.3,31,5,4.9,0.91,0.34,0.08,0.04,23,11,4.4,3.1,22,10,0,0,1.4,1.4,13,9
FX 3,8.6,7.5,8.9,7.4,82.4,85,4.4,4.8,1.73,0.58,0.13,0.07,10,13,6.9,3.9,11,5,0,0,1.1,0.7,13,9
G,32.9,44.3,23.7,19.7,43.4,37,6.1,6.4,2.02,0.72,0.23,0.1,76,77,25.1,18.4,46,48,0.2,0.5,1.2,1.3,15,10
GD,18.9,33.9,21.8,18,59.3,48.2,4.7,4.7,2.92,1.63,0.21,0.06,53,47,32.2,24.7,38,42,0,0,1.1,1.1,10,8
GD 1,80,80,5,5,15,15,5,5.3,2.3,1.2,0.23,0.15,45,50,10,12,59,76,0,0,1.3,1.6,10,8
GD 2,51.3,53.6,28.1,28.1,20.7,18.3,5.3,6.2,2.59,0.55,0.2,0.07,50,67,12,14.4,64,72,0,0,1.3,1.3,11,8
GD 3,11.8,30.5,20.5,14.4,67.7,55.1,4.5,4.3,2.96,1.93,0.22,0.04,51,43,36.4,25.4,36,36,0,0,0.7,0.8,8,8
GE,42.8,50.3,20.4,18.4,36.8,32.9,6.4,6.8,1.3,0.52,0.13,0.07,84,85,22.1,18.7,50,54,0.2,0.8,1.2,1.5,12,11
GE 1,82.1,83.2,6.5,4.5,11.4,12.3,6.8,6.9,0.81,0.23,0.07,0.02,84,81,8.3,8,49,61,0,0,1.3,1.6,12,10
GE 2,51,49.9,24.2,22,28.2,31.5,6.6,7.1,1.41,0.4,0.11,0.05,89,92,19.8,18.9,54,55,0.5,2.4,1.6,1.7,13,10
GE 3,25.5,38.1,23.1,19.7,51.3,42.3,6.1,6.4,1.35,0.78,0.15,0.09,80,79,28.2,22.5,47,51,0,0,1.1,1.4,12,11
GH,40.5,32.6,30.3,27.9,29.2,39.5,5,5.3,6.56,1.91,0.42,0.11,29,36,23.5,17,50,44,0,0,1.2,1.5,15,16
GH 1,80,80,5,5,15,15,4.6,5.3,5,1.5,0.33,0.13,25,40,14,10,76,61,0,0,1.3,1.6,15,12
GH 2,55.8,46.7,31.7,31.4,12.6,22,4.6,5.5,7.2,2.4,0.75,0.17,25,40,26.9,15.9,61,64,0,0,1.2,1.5,17,14
GH 3,25.2,18.6,29,24.5,45.9,57.1,5.4,5.2,5.27,1.42,0.26,0.09,43,55,20.2,18.1,45,35,0,0,1.2,1.6,14,18
GK,31.8,46.3,18,14.9,50.2,38.7,7,7.9,0.98,0.21,0.01,0.03,93,97,27.7,20.5,46,51,0.6,5.4,1.2,1.5,69,8
GK 1,80,80,5,5,15,15,7,7.5,1,0.3,0.1,0.04,90,95,10,10,63,66,0,0.5,1.3,1.5,10,8
GK 2,63.6,65.6,7.7,3.2,28.7,31.2,7,7.6,0.72,0.26,0.07,0.03,90,87,16.1,17.8,44,62,0,1,1.2,1.5,10,8
GK 3,25.6,41.8,21,17.6,53.4,40.5,7,8,1.04,0.2,0.01,0.03,94,99,30.2,21.1,46,49,0.8,5.4,1.2,1.5,69,8
GM,26.4,50.2,25.9,16.2,47.7,35.7,6,6.4,2.44,0.78,0.32,0.17,80,83,30.1,17.6,43,43,0.3,0.8,1.2,1.5,14,12
GM 1,81.5,89.4,8.2,5.8,10.4,4.8,7.1,6.5,0.77,0.3,0.06,0.03,97,91,10,3.6,70,76,0,0,1.3,1.6,12,10
GM 2,41.4,57.4,38.4,20,26.6,33.8,7.4,7.9,2.57,1.08,0.32,0.17,100,100,25.1,20.5,76,50,0,0,1.2,1.5,14,12
GM 3,20.5,45.6,25,16.1,54.5,38.4,5.6,6.1,2.54,0.7,0.28,0.08,76,79,32.2,18.2,36,40,0.3,1,1.2,1.6,11,9
GP,17.9,22.9,51.9,40.4,30.1,36.8,5.2,5.2,2.73,0.42,0.14,0.05,26,29,9.1,5,37,17,0,0,1.1,1.3,11,7
GP 1,40,40,50,45,10,15,5,5.2,2,0.4,0.16,0.04,30,35,6,5,53,32,0,0,1.4,1.6,12,10
GP 2,24.1,24.1,57.1,49.9,18.8,25.9,5.1,5.2,1.3,0.31,0.14,0.05,29,26,7.9,6.5,44,24,0,0,1.5,1.5,11,7
GP 3,8.6,21,44.1,26,47,53.1,5.5,5.1,4.88,0.59,0.44,0.07,23,33,10.9,2.7,22,5,0,0,0.9,1.2,11,8
GX,50,40,30,30,20,30,6,5.8,4.23,1.18,0.6,0.54,65,55,14.2,6.2,90,39,0,0,1.2,1.5,18,4
GX 1,80,80,5,5,15,15,6,5.8,2,1,0.1,0.08,65,55,14,5,86,30,0,0,1.3,1.6,20,12
GX 2,55,45,30,30,15,25,6,5.8,4,2,0.22,0.16,65,55,14,6,79,17,0,0,1.2,1.5,18,12
GX 3,25,20,30,25,45,55,6,5.8,4,2,0.22,0.16,65,55,20,13,30,17,0.5,0,1.2,1.6,18,12
H,37.3,52,25.7,20.5,37,27.5,6.5,6.8,1.57,0.53,0.18,0.08,82,85,24.7,18.5,53,53,0.5,2.9,1.3,1.4,10,8
HC,40.8,40.8,22.5,25.7,36.8,33.4,7.9,8.4,2.17,0.8,0.19,0.09,98,92,39.3,40.5,92,93,3.1,21.9,1.2,1.4,11,9
HC 1,75,70,15,15,10,15,7.2,8.2,2,0.8,0.16,0.08,90,98,10,15,93,97,0.5,5,1.2,1.5,12,10
HC 2,56.9,56.8,23,21.2,20.2,22,7.8,8.3,1.59,0.59,0.17,0.09,95,83,15.9,18.3,78,93,2.7,8.2,1.2,1.4,10,7
HC 3,8.5,8.8,21.5,34.9,70,56.3,8.2,8.6,3.33,1.23,0.24,0.09,100,100,62.7,62.7,92,92,3.4,35.5,1.2,1.4,14,14
HG,34.6,65.2,22.2,13.8,43.3,21,6,6.3,1.82,0.38,0.4,0.13,78,84,27.5,16.5,40,42,0,0,0.8,1.2,4,2
HG 1,83,90.8,6.6,3.3,10.3,5.9,5.9,6.9,0.7,0.11,0.07,0.01,71,66,6,3.3,27,42,0,0,1.1,1.3,10,8
HG 2,64.1,74.8,11.7,5.5,24.2,19.7,6.6,6.4,0.52,0.16,0.05,0.02,85,85,15.8,11.8,59,55,0,0,1,1.2,10,8
HG 3,13,56.2,29.5,19.3,57.6,24.6,5.6,6,2.72,0.53,0.4,0.13,74,84,36,20.4,33,37,0,0,0.8,1.2,4,2
HH,37.2,46,31.2,26.7,31.6,27.4,6.7,6.9,1.09,0.5,0.15,0.07,81,78,21.9,17.7,65,65,0.3,0.4,1.4,1.4,9,10
HH 1,75,70,20,20,5,10,6.5,6.7,1.5,0.5,0.15,0.06,80,85,8,10,65,65,0,0,1.2,1.3,10,8
HH 2,45.5,55.7,30.9,24.7,23.6,19.7,6.6,6.7,1.02,0.3,0.17,0.08,87,80,14.6,11.4,62,62,0.4,0.5,1.5,1.5,10,7
HH 3,20.7,26.5,31.9,30.8,47.5,42.8,7.3,7.6,1.28,0.92,0.14,0.06,77,75,40.3,34.1,75,72,0,5,1.3,1.3,10,17
HL,39.1,46.9,26.5,20.7,34.6,32.4,6.4,6.6,1.46,0.63,0.13,0.07,83,89,20.4,15.8,54,43,0.4,0.7,1.3,1.3,13,9
HL 1,75,70,15,10,10,20,6.4,6.6,1.5,0.5,0.13,0.06,83,89,10,15,75,73,0,0,1.4,1.5,12,9
HL 2,43.5,53.4,31.2,27.8,25.5,18.8,6.6,6.8,1.23,0.52,0.1,0.03,87,95,17.8,12.1,68,52,0,0.8,1.4,1.4,10,7
HL 3,33.2,38.3,20.2,11.2,46.6,50.5,6.4,6.6,1.8,0.75,0.14,0.1,73,79,23.3,16.7,34,29,0.9,0.8,1.3,1.3,15,10
I,58.9,56,16.2,17,24.9,27,7.1,7.2,0.97,0.4,0.13,0.02,69,90,10.4,8,55,28,0.1,0.5,1.2,1.5,11,8
I  1,75,72,15,16,10,12,8.3,8.3,0.31,0.2,0.01,0,98,100,7.9,8,69,66,0.1,0.5,1.3,1.5,12,9
I  2,65,62,15,16,20,22,7,7.2,1,0.4,0.09,0.05,80,90,13,15,62,67,0.3,0.5,1.2,1.5,11,8
I  3,55,52,15,16,30,32,4.8,5.5,2.3,0.8,0.25,0.1,11,60,15.4,15,27,44,0,0,1.4,1.6,9,8
J,55.8,52.7,22.2,23.5,22,23.8,6.3,6.3,1.32,0.81,0.19,0.1,82,84,14.8,15,55,58,1.5,2.4,1.3,1.2,12,13
JC,39.6,41.7,39.9,39.8,20.6,18.5,8,8.1,0.65,0.24,0.08,0.02,99,99,17.7,15.8,52,42,10.1,11.6,1.5,1.4,10,11
JC 1,68.9,62.9,16.7,20.1,14.4,17,8,8.2,0.28,0.11,0.03,0.01,97,94,5.5,4.2,48,25,0.7,3.3,1.6,1.6,10,10
JC 2,20.9,36.4,54,44.8,25.2,18.9,8,8.1,0.84,0.27,0.08,0.02,100,100,23.8,18.8,56,50,14.8,13.7,1.4,1.3,10,11
JC 3,10,10,50,50,40,40,8,8.2,0.9,0.3,0.09,0.03,100,100,25,20,59,49,15,20,1.4,1.4,10,10
JD,35.9,33.9,39.4,37.2,24.8,28.9,4.5,4.4,2.16,1.3,0.18,0.09,41,51,41.2,33.2,89,74,0,0,1.3,1.3,11,12
JD 1,79.5,85.9,13.5,9.3,7,4.8,5.6,5.5,1.31,0.77,0.13,0.08,40,50,10,5,90,70,0,0,1.3,1.4,10,10
JD 2,32.5,25.7,44.1,42.9,23.5,31.5,4.3,4.3,1.68,1.66,0.13,0.1,40,50,40,30,90,70,0,0,1.2,1.4,11,14
JD 3,2.3,6.8,51.3,48.2,46.5,45.1,4.1,3.6,4.47,0.74,0.39,0.08,41,51,41.2,33.2,89,74,0,0,1.2,1.4,11,9
JE,70.8,67,12.8,14.1,16.5,18.9,6.6,6.9,1.15,0.67,0.29,0.16,86,90,11.6,11.2,54,59,0,0,0.9,0.8,14,13
JE 1,80.1,79.5,8.6,7.6,11.4,12.9,6.4,6.5,0.76,0.25,0.08,0.03,85,91,8.1,7.4,56,63,0,0,1.3,1.3,10,8
JE 2,56.2,55.1,19.1,19.6,24.7,25.4,6.8,7.2,0.93,0.29,0.09,0.04,86,88,15.6,13.8,49,52,0,0,0.7,0.7,10,8
JE 3,21,21.1,36.9,40.1,42.2,38.9,7.2,7.4,2.61,0.83,0.24,0.12,100,100,31.8,29,59,55,0,0,1.2,1.4,10,6
JT,11.7,7.8,36.8,40.3,51.5,52,4.1,3.6,2.57,1.67,0.21,0.09,45,47,25.2,27.8,56,59,0,0,1.3,1.5,13,18
JT 1,50,50,30,30,20,20,3.5,2.8,2,1,0.13,0.05,15,10,20,20,93,96,0,0,1.4,1.6,15,20
JT 2,30,9.1,36.7,48.6,33.3,42.3,3.6,2.8,3,1.5,0.2,0.08,100,100,26.1,33.7,100,82,0,0,1.3,1.5,15,20
JT 3,5.8,7.4,34,37.5,60.2,55.2,4.3,3.8,2.57,1.67,0.21,0.09,31,34,25,26.3,45,54,0,0,1.3,1.5,13,18
K,39.1,42.6,37,33.9,23.9,23.4,7.6,7.9,1.93,0.89,0.2,0.1,93,94,24.4,24.1,84,94,5.2,16.9,1.3,1.2,11,10
KH,54.5,60.4,27.3,22.9,18.2,16.7,7.7,8.2,2.16,0.8,0.2,0.1,97,100,22,18.4,81,101,2.5,13.4,1.2,1.3,11,9
KH 1,80,65,10,10,10,25,7.2,8,1.2,0.5,0.1,0.05,90,95,12,27,100,100,0.5,5,1.2,1.4,12,10
KH 2,54.5,60.4,27.3,22.9,18.2,16.7,7.7,8.2,2.16,0.8,0.2,0.1,97,100,22,18.4,81,101,2.5,13.4,1.1,1.3,11,9
KH 3,40,40,20,20,40,40,7.7,8.5,2,0.8,0.2,0.09,95,100,35,40,81,97,5,20,1.1,1.3,10,9
KK,16.5,20.7,48.9,48,34.4,31.3,8,8.2,1.5,1.01,0.16,0.1,98,98,32.5,31.5,79,80,14.1,33,1.2,1.3,15,15
KK 1,80,70,15,15,5,15,8,8.2,1.5,1,0.1,0.1,100,100,10,16,100,100,3,6,1.2,1.3,12,10
KK 2,18.5,26.9,54.9,47.7,26.7,25.5,8,8.2,1.48,1.11,0.12,0.09,100,100,35.3,45.2,100,100,6.9,9.6,1.2,1.3,15,15
KK 3,12.5,11.8,37,39.3,50,48.9,7.9,7.9,1.55,0.81,0.2,0.08,100,100,29.8,26.1,61,66,14,33,1.2,1.3,10,10
KL,36.7,42.4,40.3,33.8,23.1,23.9,7.1,7.5,2,0.87,0.22,0.12,86,84,20.3,24.5,93,97,2.8,12.2,1.3,1.2,9,9
KL 1,80,70,5,5,15,25,7.1,7.5,1.6,0.8,0.18,0.09,85,85,18,25,100,97,0.5,3,1.2,1.4,9,9
KL 2,35.1,50.1,45.8,31.7,19,18.2,7.3,7.7,1.83,0.87,0.22,0.13,81,77,18.7,25.6,88,104,8.5,9.8,1.3,1.2,8,9
KL 3,41.4,39,23.5,22.8,35.2,38.2,7.3,7.4,1.73,1.01,0.16,0.1,85,95,37,34,100,86,0,13.4,1.2,1.4,11,10
L,70.4,64.5,10.3,9.9,19.3,25.7,6.7,7.2,0.51,0.27,0.13,0.36,84,86,11.1,13.3,50,49,0.3,1.1,1.4,1.5,11,8
LA,87.5,81.8,6.2,5.9,6.4,12.3,6.7,7.3,0.47,0.21,0.13,0.07,84,91,2.8,5.2,38,44,0.3,0.6,1.6,1.7,25,13
LA 1,90.1,84.5,4.5,4.6,5.3,10.9,6.8,7.4,0.28,0.16,0.01,0.01,84,91,2.8,5.2,38,44,0.3,0.7,1.5,1.6,20,15
LA 2,47.8,40.3,30.3,25.1,21.9,34.6,5.5,4.7,3.2,0.94,0.13,0.07,65,50,5,12,11,31,0,0,1.9,1.9,25,13
LA 3,50,30,25,20,25,50,6,6.5,1.5,0.5,0.08,0.05,70,80,7,15,23,28,0,0.5,1.3,1.6,20,10
LC,64.3,59,12.2,11.2,23.5,29.8,6.4,6.5,0.63,0.35,0.11,0.06,80,81,13.1,14.7,46,44,0.2,0.9,1.4,1.6,10,8
LC 1,80.2,73.3,7.7,6.9,12.1,19.8,6.4,6.6,0.3,0.22,0.04,0.02,76,78,10.4,12.8,46,43,0.1,0.5,1.5,1.5,12,10
LC 2,57.6,51,16.4,15.9,26.1,33.1,6.2,6.3,0.64,0.41,0.08,0.05,81,81,13.6,15.7,49,46,0.2,0.2,1.4,1.6,9,8
LC 3,29.2,31.4,13.6,12.3,57.3,56.6,6.5,6.8,1.51,0.48,0.15,0.09,86,91,21.7,19.1,39,37,0.5,6.5,1.3,1.6,10,6
LF,74.6,67.7,9.6,8.9,15.9,23.4,6.4,7,0.39,0.25,0.05,0.04,69,69,5.3,6.2,33,27,0,0,1.5,1.5,12,9
LF 1,82.2,75.1,7.3,6.7,10.5,18.3,6.1,6,0.37,0.22,0.04,0.03,69,69,4.6,5.5,37,29,0,0,1.6,1.5,15,9
LF 2,64.4,55.8,13.5,12.9,22.1,31.3,6.3,8.9,0.39,0.28,0.05,0.04,69,70,6.2,7.6,26,23,0,0,1.4,1.5,10,9
LF 3,26.9,26.1,19.1,18.2,54.1,55.6,5.7,5.6,0.54,0.5,0.05,0.06,40,48,11.1,9.6,20,14,0,0,1.3,1.6,12,9
LG,59.9,53.4,13.4,12.6,26.7,34,6.5,6.9,0.73,0.31,0.21,1.83,86,92,17.8,20.3,61,59,0,0.3,1.1,1.4,15,7
LG 1,81.7,71.9,6,5.8,12.3,22.3,6.3,6.7,0.45,0.2,0.03,0.03,80,88,9.5,13.4,65,63,0,0.2,1.4,1.6,18,8
LG 2,55.4,48.5,18.3,17.5,26.3,34.1,6.5,7.1,0.83,0.23,0.21,1.83,85,92,18.4,20.9,63,59,0.1,0.6,1.1,1.4,15,7
LG 3,42.4,41.3,12.7,10.6,44.9,48.2,6.8,7.2,0.85,0.52,0.06,0.07,90,97,25.1,26.7,53,55,0,0,1,1.4,15,7
LK,75.4,69.5,7.4,8.2,17.2,22.4,7.7,8.2,0.34,0.23,0.08,0.06,93,95,10.6,12.8,56,55,1.6,7.6,1.5,1.5,9,6
LK 1,84.3,79.7,5.1,5,10.6,15.4,7.5,8.1,0.26,0.17,0.03,0.02,93,95,7,9,57,55,1.6,5.3,1.5,1.5,10,8
LK 2,64,55.3,10.9,12.5,25.2,32.2,7.9,8.3,0.44,0.33,0.09,0.07,93,93,14.9,17.7,54,54,2,13.1,1.5,1.3,10,8
LK 3,46.7,39.1,14.8,17.7,38.6,43.3,8.4,8.9,0.49,0.36,0.06,0.04,98,98,23,26.5,57,64,0,20,1.4,1.3,6,3
LO,76,71.9,9.9,8.9,14.1,19.2,6.4,6.7,0.41,0.21,0.14,0.05,88,88,8.6,11.6,54,55,0.1,0.2,1.4,1.5,11,10
LO 1,87.1,81.6,4.2,4.2,8.7,14.3,6.3,6.6,0.33,0.17,0.26,0.06,87,86,6.2,9.5,56,56,0.1,0.1,1.2,1.7,12,10
LO 2,53.7,49.6,23.3,22.1,23,28.3,6.7,7,0.57,0.28,0.08,0.04,90,94,11.3,13.4,46,47,0.1,0.3,1.5,1.5,11,10
LO 3,43.5,43.1,13.4,12.3,43.1,44.6,6.3,6.2,0.66,0.4,0.07,0.04,82,80,27.3,31,58,67,0,0,1.3,1.6,11,10
LP,69.9,57.5,10.5,10.9,19.5,31.6,5.9,5.6,0.73,0.35,0.76,0.08,72,61,7.1,9.2,34,28,0,0,1.8,1.6,2,10
LP 1,74.8,65.1,11,11.6,14.2,23.3,5.7,5.5,0.55,0.32,0.04,0.03,83,68,4.5,5.8,25,23,0,0,1.4,1.7,15,10
LP 2,65.1,49.9,10.1,10.2,24.9,39.9,6.1,5.7,0.92,0.42,0.76,0.04,61,55,9.8,12.5,43,34,0,0,1.8,1.6,2,10
LP 3,45,35,10,10,45,55,6.3,5.6,1,0.4,0.09,0.04,65,60,15,15,30,26,0,0,1.3,1.5,11,10
LV,26.1,26.8,27.3,22.5,46.7,50.9,6.6,7.1,1.86,0.84,0.19,0.04,88,94,29.4,36.1,67,63,1,3.6,1.5,1.5,11,11
LV 1,55,50,20,15,25,35,6.6,7,1,0.4,0.08,0.04,77,90,20,24,77,67,0,0.5,1.4,1.7,12,10
LV 2,48.4,36.3,28.3,25.1,23.3,38.7,6.6,8.4,0.49,0.19,0.04,0.02,77,97,18.4,29,83,75,3,7.2,1.4,1.6,12,10
LV 3,23.8,17.2,28,19.8,48.4,63,6.6,6.5,2.55,1.16,0.33,0.05,93,92,34.9,39.7,51,50,0,0,1.5,1.5,10,12
M,37.9,47.9,35,30.4,27.1,21.6,6.6,6.6,3.23,0.78,0.31,0.1,100,100,18.5,5.9,23,48,0,0,1.3,1.5,12,12
MG,30,25,50,45,20,30,6.3,6.5,4,1.4,0.4,0.18,75,80,26,22,60,60,0,0,1.4,1.6,10,8
MG 1,75,70,15,10,10,20,6.1,6.3,3,1,0.25,0.1,70,78,16,15,60,60,0,0,1.4,1.6,12,10
MG 2,30,25,50,45,20,30,6.3,6.5,4,1.4,0.4,0.18,75,80,26,22,60,60,0,0,1.4,1.5,10,8
MG 3,40,35,20,15,40,50,6.3,6.8,4.5,1.3,0.45,0.16,75,85,35,35,60,60,0,0.5,1.3,1.5,10,8
MO,33.3,29.2,46.4,44.2,20.4,26.7,6.1,5.8,3.65,1.11,0.31,0.1,70,60,26,20,60,60,0,0,1.3,1.5,12,12
MO 1,75,70,15,10,10,20,6.1,5.8,3,1,0.25,0.09,70,60,16,15,60,60,0,0,1.4,1.6,12,11
MO 2,33.3,29.2,46.4,44.2,20.4,26.7,6.1,5.8,3.65,1.11,0.31,0.1,70,60,26,20,60,60,0,0,1.3,1.5,12,12
MO 3,40,35,20,15,40,50,6.3,7,4,1.4,0.4,0.14,75,90,35,35,60,60,0,0.5,1.3,1.5,10,10
N,57.9,46.6,13.3,12,28.9,41.4,6,6.1,1.12,0.46,0.21,0.09,61,60,10.9,11,39,33,0,0.1,1.2,1.2,12,9
ND,38.9,31.9,17.6,13.8,43.6,54.4,5.2,5.2,1.57,0.44,0.16,0.08,29,23,12.5,9,31,19,0,0,1.1,1.2,13,8
ND 1,85.1,78.2,7.3,8.5,7.7,13.3,4.6,4.8,1.04,0.39,0.08,0.04,33,30,9.2,7.6,43,34,0,0,0.8,0.9,12,9
ND 2,55,45,20,20,25,35,5.2,5.2,1.5,0.5,0.14,0.06,30,30,12,10,43,27,0,0,1.1,1.2,11,8
ND 3,15.8,13,22.7,15.8,61.6,71.3,5.5,5.4,1.64,0.52,0.15,0.08,36,26,14.9,11.4,24,17,0,0,1.1,1.1,11,8
NE,68.4,57.8,10.5,10,21.2,32.2,6.3,6.5,0.6,0.32,0.18,0.07,75,77,8.8,11.1,41,39,0,0.1,1.3,1.2,10,9
NE 1,81.8,72.7,5.9,6.2,12.3,21.1,6.3,6.3,0.34,0.21,0.06,0.02,76,73,6,7.9,42,40,0,0,1.5,1.5,15,18
NE 2,57.1,46.9,18.1,15.6,24.8,37.3,6.3,6.9,0.89,0.47,0.29,0.1,70,84,10.9,16.7,39,39,0.1,0.5,1.2,1.1,10,4
NE 3,22.8,13.1,21.2,15.9,55.9,70.7,6.7,6.9,1.33,0.48,0.18,0.07,79,78,18.2,17.1,34,26,0,0,1.2,1,8,8
NH,6.4,5.4,29.8,21.5,63.9,73.3,5.5,5.4,4.04,1.47,0.34,0.15,42,41,26.8,18.2,43,27,0,0,0.9,1,11,9
NH 1,80,70,8,5,12,25,5.2,5.4,2,0.8,0.17,0.08,30,40,13,12,50,35,0,0,1,1.1,12,10
NH 2,55,45,20,15,25,40,5.3,5.4,3,1,0.28,0.11,35,40,23,18,50,35,0,0,0.9,1,11,9
NH 3,6.4,6.3,29.8,24.6,63.9,69.2,5.3,5.2,4.01,1.65,0.33,0.16,35,35,28.7,20.1,48,32,0,0,0.9,1,12,9
O,35,35,40,40,25,25,4.9,4.6,46.33,49.37,1.47,1.39,45,41,106.3,119.9,200,200,0,0,0.1,0.1,47,47
OD,35,35,40,40,25,25,4.2,4.1,47.3,49.76,1.13,0.87,19,21,104.9,121.9,200,200,0,0,0,0.1,57,60
OD 1,70,70,20,20,10,10,4.2,4.1,50,60,1,1.5,20,18,100,120,200,200,0,0,0.1,0.1,50,40
OD 2,35,35,40,40,25,25,4.2,4.1,50,60,1,1.5,20,18,100,120,200,200,0,0,0.1,0.1,50,40
OD 3,10,10,45,45,45,45,4.2,4.1,50,60,1,1.5,20,18,100,120,200,200,0,0,0.1,0.1,50,40
OE,35,35,40,40,25,25,6.3,5.3,41.46,46.78,2.51,2.54,93,87,108.8,127.9,200,200,0,0,0.2,0.1,19,20
OE 1,70,70,20,20,10,10,6.3,5.3,40,45,2.5,2.5,90,80,110,130,200,200,0,0,0.2,0.1,16,18
OE 2,35,35,40,40,25,25,6.3,5.3,40,45,2.5,2.5,90,80,110,130,200,200,0,0,0.2,0.1,16,18
OE 3,10,10,45,45,45,45,6.3,5.3,40,45,2.5,2.5,90,80,110,130,200,200,0,0,0.2,0.1,16,18
OX,35,35,40,40,25,25,4.2,4.1,56.1,55.58,1.11,1.16,77,79,107.9,103.8,200,200,0,0,0.1,0.1,51,48
OX 1,70,70,20,20,10,10,4.2,4.1,55,55,1.1,1.1,75,70,110,100,200,200,0,0,0.1,0.1,50,50
OX 2,35,35,40,40,25,25,4.2,4.1,55,55,1.1,1.1,75,70,110,100,200,200,0,0,0.1,0.1,50,50
OX 3,10,10,45,45,45,45,4.2,4.1,55,55,1.1,1.1,75,70,110,100,200,200,0,0,0.1,0.1,50,50
P,69.5,72,23.9,22.2,6.7,7,4.6,4.8,3.86,1.24,0.2,0.08,15,19,24.5,13.5,71,21,0,0,0.8,1,22,19
PF,64.9,66.9,26.3,23,8.5,10,5,5.4,1.25,0.28,0.18,0.13,21,33,1.8,1.5,17,14,0,0,1.1,1.3,11,2
PF 1,94,94.4,3.3,3.6,2,2,5.3,5.6,0.6,0.31,0.04,0.02,21,33,1.8,1.5,20,20,0,0,1.1,1.3,15,20
PF 2,35.7,39.4,49.3,42.4,15,17.9,4.7,5.2,1.9,0.25,0.18,0.13,10,20,4,3,20,16,0,0,1.1,1.3,11,2
PF 3,43,40,40,40,17,20,4.8,5.4,2,0.5,0.13,0.03,10,25,5,4,22,28,0,0,1.1,,15,20
PG,87.3,79.9,9.6,15.5,3.2,8.5,4.2,4.6,3.36,1.37,0.2,0.05,4,6,22.7,8.6,80,40,0,0,0.9,1.3,22,20
PG 1,87.3,79.9,12.3,15.5,3.2,8.5,4.2,4.6,3.36,1.37,0.2,0.05,4,6,22.7,8.6,80,40,0,0,0.9,1.3,22,20
PG 2,60,58,30,27,10,15,4.4,5,3.4,1,0.17,0.05,10,20,19,6.5,80,40,0,0,0.9,1.3,20,20
PG 3,43,40,40,40,17,20,4.4,5,3.4,1,0.17,0.05,10,20,21.9,8,80,37,0,0,0.9,1.3,20,20
PH,80.8,84.8,16.5,13.7,2.8,1.6,4.3,4.5,3.18,0.88,0.16,0.05,26,13,20.5,10.3,70,29,0,0,0.8,1.3,23,24
PH 1,96,93.9,3,4.9,1.1,1.3,4.3,4.5,1.11,1.2,0.08,0.04,48,3,3.2,15.8,70,30,0,0,0.8,1.3,15,44
PH 2,50.4,66.5,43.4,31.4,6.3,2.2,4.4,4.7,7.33,0.24,0.23,0.05,3,23,37.7,4.7,70,29,0,0,0.8,1.3,32,5
PH 3,43,40,40,40,17,20,4.5,4.9,5,0.5,0.25,0.03,10,20,29,6,70,30,0,0,0.8,1.3,25,20
PL,51.3,51.3,40.1,41,8.7,7.7,4.1,4.5,4.52,1.41,0.18,0.08,4,10,22,7,70,20,0,0,0.9,1.3,24,17
PL 1,90,90,9,8,1,2,4,4.4,3,1,0.12,0.05,3,8,1,1,70,20,0,0,1.1,1.3,25,20
PL 2,51.3,51.3,40.1,41,8.7,7.7,4.1,4.5,4.52,1.41,0.18,0.08,4,10,3,2,18,34,0,0,0.9,1.3,24,17
PL 3,43,40,40,40,17,20,4.2,4.6,3,1,0.12,0.05,5,10,10,7,48,31,0,0,1.1,1.3,25,20
PO,67.9,74.4,28.7,21.9,3.6,3.7,5,5.2,1.65,0.72,0.1,0.04,33,64,3.9,1,36,12,0,0,0.8,1.3,16,18
PO 1,91.4,90.9,8.2,7.2,0.8,2,4.7,5.4,0.44,0.28,0.04,0.02,20,70,2,1,70,49,0,0,0.7,1.3,19,19
PO 2,49,58,44,36.6,7,5.4,5.3,4.9,2.47,1.16,0.13,0.08,33,64,3.9,1,36,12,0,0,1,1.3,14,16
PO 3,43,40,40,40,17,20,4.7,5.5,2.5,1,0.17,0.05,20,80,15,6,79,27,0,0,0.9,1.3,15,20
PP,56.5,62.9,28.3,24.8,15.2,12.4,4.7,4.8,8.62,2.68,0.31,0.14,3,1,42.2,31.5,105,20,0,0,0.6,0.8,29,25
PP 1,98.6,96,1.1,2,0.3,2,4.9,4.3,0.94,1.75,0.04,0.05,1,1,6.3,14.5,70,20,0,0,1.1,1.3,24,35
PP 2,56.7,62.6,32.5,31.3,10.8,6.1,4.7,5.2,15.82,3.15,0.55,0.19,2,1,78.5,48.5,70,20,0,0,0.4,0.3,34,20
PP 3,22,30,38,41,40,29,4.6,4.8,1.88,0.9,0.08,0.04,7,10,41.7,20,105,20,0,0,0.7,1.3,24,20
Q,91.9,91.8,3.2,3,5,5.4,6.2,6.3,0.23,0.13,1.31,0.02,75,71,3.5,3,51,49,0.1,0.1,1.5,1.5,10,11
QA,92.6,92.4,3.6,3.7,3.7,5.8,5.9,5.8,0.87,0.1,0.06,0.01,43,37,3.7,2,29,31,0,0,1.4,1.5,15,12
QA 1,92.6,92.4,3.6,3.7,5.5,5.8,5.9,5.8,0.87,0.1,0.07,0.01,43,37,3.7,2,29,31,0,0,1.4,1.5,12,10
QA 2,93,84,3,3,4,8,5.5,5.9,1,0.2,0.09,0.02,40,55,5,3,30,30,0,0,1.4,1.5,11,10
QA 3,89,85,5,5,6,10,5.7,6,1.2,0.3,0.12,0.03,50,60,6,3,30,30,0,0,1.4,1.5,10,9
QB,92,92.4,3.1,2.8,4.9,5,6.4,6.4,0.21,0.12,3.01,0.02,81,79,3.8,3.2,59,55,0.1,0.1,1.5,1.5,10,11
QB 1,92,92.3,3.2,2.9,4.8,5,6.4,6.4,0.21,0.12,3.01,0.02,82,79,3.6,3.2,58,55,0.1,0.2,1.4,1.4,10,11
QB 2,89,83,3,5,8,12,6.4,6.6,1,0.25,0.1,0.03,75,82,8,5,50,50,0,0,1.4,1.5,10,9
QB 3,48.5,92.9,16,3,35.6,4.2,6.4,6.9,0.4,0.16,0.04,0.02,71,84,15.3,2.1,38,54,0,0,1.3,1.5,10,9
QF,91.7,91.2,3.3,3.1,5.1,5.8,5.9,6.4,0.27,0.15,0.04,0.01,68,61,3.1,2.5,37,38,0,0,1.5,1.6,12,13
QF 1,92,91.6,3,3,5,5.5,5.9,6.4,0.27,0.15,0.04,0.01,68,60,3,2.4,37,38,0,0,1.5,1.6,12,13
QF 2,90,86,3,4,7,10,6,5.5,0.5,0.15,0.05,0.02,70,45,4,4,35,35,0,0,1.4,1.5,11,10
QF 3,85,81,5,7,10,12,5.9,5.4,0.8,0.2,0.07,0.02,70,40,6,5,35,35,0,0,1.4,1.5,11,9
QL,92.8,91.7,2.7,2.9,4.7,5.5,6.3,6.1,0.2,0.12,0.02,0.02,74,72,3.5,3.2,58,57,0.2,0.4,1.4,1.5,10,5
QL 1,92.6,91.7,2.7,2.9,4.8,5.5,6.3,6,0.2,0.12,0.02,0.02,73,71,3.5,3.2,58,57,0.2,0.4,1.4,1.5,10,5
QL 2,87,80,3,5,10,15,6.3,6.1,0.8,0.2,0.09,0.02,73,70,8,8,50,50,0,0,1.4,1.5,10,9
QL 3,83,75,5,7,12,18,6.3,6.1,0.8,0.2,0.09,0.02,73,70,9,10,50,50,0,0,1.4,1.5,10,9
R,70.6,71.9,14.1,13.7,15.4,14.3,6.7,7,0.57,0.43,0.12,0.1,83,79,10.6,8.9,44,42,3.4,3.5,1.4,1.3,10,9
RC,63.5,62.8,19.2,18.4,17.3,18.7,7.6,7.6,0.76,0.41,0.28,0.04,89,89,10.7,11.2,52,50,15.1,1.9,1.5,1.5,11,9
RC 1,82.2,82.1,6.9,6.9,10.9,11.1,7.5,7.6,0.33,0.33,0.03,0.03,85,86,7,6.9,50,49,3,3.4,1.5,1.5,11,9
RC 2,38.7,37.1,35.5,33.8,25.8,28.8,7.5,7.6,0.58,0.52,0.05,0.06,93,93,15.4,17,57,53,1.2,0.9,1.5,1.5,11,9
RC 3,30,35,40,33,30,32,7.5,7.6,0.8,0.6,0.07,0.07,90,90,18,18,50,50,10,15,1.5,1.5,11,9
RD,82.1,79.2,6.7,5.7,11.3,15.1,7,6.8,0.27,0.15,0.02,0.01,79,65,10.8,8.5,24,23,0.1,0.1,1.5,1.5,15,12
RD 1,83,79.2,6.5,5.7,10.5,15.1,7,6.8,0.27,0.15,0.02,0.01,79,65,10.8,8.5,24,23,0.1,0.1,1.7,1.7,17,14
RD 2,40,44,37,38,23,18,6.2,5.6,0.5,0.16,0.03,0.01,65,45,8,5,25,25,0,0,1.5,1.5,15,12
RD 3,30,35,40,33,30,32,6,5.8,0.7,0.23,0.05,0.02,60,48,10,9,25,25,0,0,1.4,1.4,14,11
RE,68.3,71.6,15.1,15.2,16.6,13.2,6.4,6.8,0.5,0.45,0.06,0.06,83,76,10.2,6.7,44,42,1.6,6.4,1.4,1.2,9,7
RE 1,82.8,79.9,7.5,8.2,9.7,11.7,6.4,6.6,0.29,0.23,0.04,0.03,77,71,4.8,5.2,39,42,1.1,9.3,1.7,1.5,10,8
RE 2,38.7,43.8,36.9,38.2,24.6,17.9,6.9,7.1,0.82,1.04,0.13,0.13,88,89,16.9,11.6,51,42,3.9,1.6,1,0.9,9,7
RE 3,30,35,40,33,30,32,6.1,6.5,0.99,0.3,0.1,0.04,95,80,29.9,14,58,42,0,0,1.4,1.4,10,8
RX,82.5,87.5,9.9,6.3,7.7,6.3,5.4,5.5,1.7,0.77,0.18,0.16,79,80,19.8,21.5,70,60,0,0,1.5,1.5,10,13
RX 1,82.5,87.5,9.9,6.3,7.7,6.3,5.2,5,1.7,0.77,0.17,0.06,76,79,12.6,10.7,70,60,0,0,1.6,1.6,10,13
RX 2,40,44,37,38,23,18,5.4,5.5,2,0.8,0.2,0.07,75,75,23,14,70,60,0,0,1.5,1.5,10,12
RX 3,30,35,40,33,30,32,5.4,5.6,2.2,0.8,0.22,0.07,75,80,29,22,70,60,0,0,1.4,1.4,10,12
S,55.4,47.3,20.4,19.8,24.2,32.8,8.2,8.6,0.65,0.48,0.11,0.05,95,92,14.7,18.7,55,51,1.3,4.7,1.3,1.4,9,9
SG,53.9,37.7,25.5,26.2,20.6,36.1,8,8.7,0.67,0.45,0.1,0.05,91,89,10.8,17.5,51,43,0,0,1.4,1.3,11,16
SG 1,79.7,58,8.9,10.9,11.5,31.2,7.9,9.5,0.26,0.1,0.03,0.01,97,100,6.3,14.4,50,47,0,0,1.4,1.8,10,9
SG 2,35.4,21.5,44.9,40.3,19.5,38.1,7.1,7.7,0.5,0.2,0.07,0.04,84,78,10.4,17.5,53,38,0,0,1.4,1.3,7,7
SG 3,39.3,29.5,19.7,28.5,41,42,9.9,9.2,1.82,1.31,0.13,0.05,100,100,20.7,23.7,50,40,5,10,1.4,1.7,14,26
SM,51.7,59.7,31.9,21,16.4,19.2,7.6,8.5,1.14,0.46,0.15,0.07,92,92,16.1,18.2,83,69,4.2,8.5,1.4,1.6,9,6
SM 1,80,60,10,15,10,25,7.5,8.5,1.2,0.4,0.13,0.05,92,92,12,21,80,70,4,8,1.3,1.8,9,8
SM 2,55.4,59.7,25,21,19.6,19.2,7.6,8.5,1.14,0.46,0.15,0.07,92,92,16.1,18.2,83,69,4.2,8.5,1.4,1.6,9,6
SM 3,40,35,20,15,40,50,7.8,9,1.5,0.5,0.17,0.06,95,100,37,37,80,70,5,10,1.3,1.7,9,8
SO,57.6,47.2,13.5,16.8,29,35.9,8.5,8.7,0.39,0.51,0.08,0.03,97,93,15.7,19.4,48,50,0.5,3,1.2,1.4,9,8
SO 1,86.6,69.4,9.6,13.2,3.7,17.5,6.6,7.1,0.44,3.06,0.05,0.38,90,58,16.6,22,50,55,0.1,0.4,1.4,1.8,9,8
SO 2,59.5,47.7,16.4,20.5,24.4,31.6,8.8,9.4,0.4,0.19,0.08,0.03,98,100,12.4,17.6,50,53,0.5,5,0.9,1,10,8
SO 3,40.4,35.4,11.2,13,48.5,51.6,9.2,8.2,0.37,0.19,0.07,0.03,100,100,20.3,21,45,45,1,1.5,1.3,1.7,7,7
T,42.1,43.1,38.1,38.3,19.8,18.7,5.8,6.1,5.23,2.63,0.39,0.24,43,43,29.8,25.4,64,61,0.3,0.3,0.8,0.8,17,13
TH,41,42.6,41.3,41,17.7,16.4,5.4,5.7,7.03,3.66,0.47,0.31,19,19,34,28.5,78,69,0,0,0.6,0.6,22,16
TH 1,72.8,74.4,19.3,18.2,8,7.3,5.4,5.9,9.57,2.32,0.31,0.1,15,16,27.9,11.6,92,65,0,0,0.4,0.7,67,32
TH 2,34.3,36.2,49.5,49.9,16.2,13.9,5.3,5.7,6.97,4.42,0.46,0.23,19,18,36.5,32.2,91,79,0,0,0.7,0.6,13,13
TH 3,7.6,8.1,40.8,35,51.7,57,4.9,5,9.65,5.16,0.6,0.32,14,20,37.1,27.5,58,51,0,0,0.6,0.8,17,18
TM,31.2,27.5,39.6,42.8,29.2,30,6.3,6.5,3.95,1.93,0.34,0.16,77,69,33,28.6,45,54,1,1,1,0.9,10,10
TM 1,70,75,20,20,10,5,6.3,6.5,3.5,1.5,0.35,0.15,75,70,21,10,90,80,1,1,0.4,0.7,10,10
TM 2,38.5,34,44.5,49,17,17.3,6.5,6.9,4.35,2.37,0.33,0.17,74,75,29.8,27,90,83,1.5,1.4,1.1,1.1,11,12
TM 3,9.3,7.7,24.9,24.2,66,68.1,5.5,5.2,2.36,0.72,0.27,0.08,66,49,28.8,25.3,45,40,0,0,0.7,0.6,9,10
TO,38.2,41.6,36.6,35,25.2,23.5,6,6.4,3.02,1.08,0.31,0.14,60,58,23.1,20.2,27,23,1,1,0.9,0.9,11,11
TO 1,45,50,50,45,5,5,6,6.4,2.5,1,0.23,0.09,60,58,11,5,40,30,1,1,1,1.1,11,11
TO 2,43.5,48.1,41.1,39,15.5,12.9,6.4,6.8,3.31,1.15,0.34,0.16,69,67,23.8,20.7,30,25,1.3,1.3,0.9,0.9,11,12
TO 3,12,9.1,14,14.7,74,76.1,4.3,4.5,1.57,0.74,0.17,0.08,14,12,19.6,17.6,27,23,0,0,0.9,0.9,9,9
TV,64.5,67,26.2,26.3,9.3,6.7,6.3,6.5,1.4,0.84,0.27,0.16,53,64,15.2,13.9,75,60,0,0,1.1,1.1,11,10
TV 1,75.5,69,19.5,25.5,5,5.6,6.5,6.5,0.87,0.38,0.09,0.04,72,83,5.9,4.6,75,60,0,0,1.2,1.3,12,11
TV 2,42.5,63,39.7,27.9,18,9.1,5.8,6.3,2.3,0.74,0.56,0.32,27,32,26.4,23.3,75,60,0,0,1,0.9,8,8
TV 3,40,50,35,30,25,20,5.8,6.3,3,1,0.3,0.33,27,32,29,16,75,60,0,0,0.8,0.9,10,9
U,50.8,47,16.8,18,32.3,35,4.1,4.2,2.38,2,0.3,0.25,7,9,17.7,13.7,64,42,0,0,1,1.3,8,10
U  1,70,67,10,11,20,22,4.1,4.2,2,1.5,0.17,0.15,7,9,17,14,50,40,0,0,1.2,1.5,12,10
U  2,50.8,47,16.8,18,32.3,35,4.2,4.2,2.38,2,0.3,0.25,8,9,15.1,13.7,48,42,0,0,1,1.3,8,10
U  3,30,27,30,31,40,42,4.2,4.3,3,2,0.3,0.25,8,10,30,23,50,40,0,0,1.2,1.4,10,8
V,24.6,22.4,14.4,13.4,61,64.2,7.3,7.7,0.68,0.51,0.09,0.05,96,97,48.7,50.5,76,76,1.8,4.7,1.5,1.6,15,13
VC,22.4,20.8,24.5,23.5,53,55.7,7.8,8,0.69,0.46,0.08,0.06,98,99,45.3,44.8,82,80,3.8,6,1.6,1.7,13,11
VC 1,44,40,30,34,26,26,7,7.5,1,0.5,0.07,0.04,90,95,27,25,90,90,1,3,1.2,1.7,15,12
VC 2,43.7,39.4,28.6,33,27.3,27.6,7.8,7.9,1.43,0.76,0.07,0.06,100,100,36.4,31.8,90,90,17.1,34.6,1.2,1.6,20,13
VC 3,20.2,18.8,23.9,22.5,55.8,58.6,7.8,8,0.61,0.43,0.09,0.06,98,99,46.2,46.1,82,80,2.7,3.8,1.6,1.7,9,9
VP,25.1,22.8,12.2,11,62.7,66.1,7.2,7.6,0.68,0.52,0.11,0.03,96,97,49.4,51.7,75,76,1.3,3.5,1.1,1.2,19,22
VP 1,55,45,15,17,30,38,7,7.5,1,0.5,0.05,0.03,90,95,31,36,90,90,1,3,1.4,1.7,20,18
VP 2,53.2,44.2,15.9,16.5,31.1,39.4,7.8,7.8,0.76,0.57,0.04,0.03,94,93,28.2,36.7,90,92,3.1,7.1,1.4,1.6,23,22
VP 3,24.4,22.4,11.5,10.9,64.2,66.7,7.2,7.6,0.67,0.52,0.14,0.04,96,97,50.2,52.3,75,75,1.2,3.2,1.1,1.2,16,12
W,61.4,51.3,21.9,18.1,16.7,30.6,6.3,6.8,1.25,0.41,0.17,0.08,74,83,11.2,16.4,48,56,0.5,1,1.4,1.5,13,10
WD,19.8,15.2,55.2,47.5,24.8,37.3,4.7,5.1,4.27,0.53,0.31,0.05,24,25,21.3,13.8,39,44,0,2.2,1.3,1.4,17,9
WD 1,90,75,5,5,5,20,4.5,5,1.2,0.2,0.07,0.02,41,45,6,9,40,40,0,0,1.4,1.7,17,10
WD 2,28.5,23.5,61.5,55.5,9.8,21,4.5,4.5,1.5,0.13,0.05,0.02,41,28,2.7,7.9,59,38,0,0,1.6,1.7,25,8
WD 3,11.1,6.2,49,45.1,39.9,48.8,4.9,5.7,4.63,0.81,0.37,0.08,16,24,27.5,17.1,19,60,0,5.5,1.1,1.2,13,11
WE,76.6,68.9,10.3,7.5,13.1,23.4,6.2,6.4,0.46,0.24,0.07,0.06,84,91,8.4,14,48,60,0,0.1,1.4,1.5,10,7
WE 1,88.9,77.8,4.6,3.7,6.6,18.3,6.3,6.4,0.23,0.15,0.06,0.04,91,93,3.3,11.6,43,66,0,0,1.4,1.8,8,4
WE 2,52.1,47.4,24.4,16.3,23.5,36.3,5.7,6.5,1.06,0.59,0.09,0.08,73,92,12.3,20.4,44,50,0,0.4,1.4,1.7,11,8
WE 3,40.2,53.4,19.7,15.6,40.2,31,6.6,6.7,0.53,0.13,0.05,0.02,60,72,37.9,14.6,93,46,0,0,1.4,1.7,10,7
WH,60,50,10,10,30,40,4.8,5.4,2,0.5,0.13,0.04,40,50,19,18,40,40,0,0,1.3,1.7,15,12
WH 1,85,70,5,5,10,25,4.5,5.2,1.5,0.3,0.09,0.02,20,45,9,11,40,40,0,0,1.3,1.8,17,14
WH 2,65,50,10,10,25,40,4.8,5.4,2,0.5,0.13,0.04,40,50,17,18,40,40,0,0,1.2,1.7,15,12
WH 3,40,35,15,15,40,50,5.2,5.6,2.2,0.55,0.17,0.05,45,55,24,22,40,40,0,0,1.3,1.8,13,11
WM,21.1,16.6,56.8,41.6,22.2,41.8,5.9,6.6,2.02,0.65,0.19,0.07,85,96,19.3,30.2,86,72,0,0.2,1.2,1.7,11,10
WM 1,85,70,5,5,10,25,5.6,6.4,1.5,0.5,0.12,0.01,70,90,13,19,80,70,0,0.1,1.3,1.8,12,11
WM 2,21.1,16.6,56.8,41.6,22.2,41.8,5.9,6.6,2.02,0.65,0.19,0.07,85,96,19.3,30.2,86,72,0,0.2,1.2,1.7,11,10
WM 3,40,35,15,15,40,50,6,6.8,2.2,0.7,0.2,0.07,85,95,40,37,80,70,0,0.5,1.2,1.7,11,10
WS,69.1,57.6,16.7,14.1,14.3,28.3,6.9,7.8,0.72,0.34,0.13,0.12,78,91,10.2,15.7,45,52,1,1.3,1.4,1.7,11,12
WS 1,78.2,65.3,13,11.6,8.9,23.1,7.1,8.4,0.65,0.3,0.06,0.06,76,93,6.1,11.7,48,51,0.2,1,1.5,1.5,9,7
WS 2,50.3,42.1,25.3,19.3,24.4,38.7,6.7,7.4,0.87,0.46,0.23,0.25,80,89,16.1,20.7,39,55,0,1,1.4,2,10,6
WS 3,40,30,20,20,40,50,7,8.5,0.9,0.4,0.09,0.05,80,100,19,26,40,50,0.5,4,1.4,1.7,10,8
WX,65,50,10,10,25,40,5,5.6,2,0.5,0.17,0.03,40,60,25,26,70,60,0,0,1.5,1.7,12,15
WX 1,85,70,5,5,10,25,4.8,5.4,2,0.5,0.17,0.03,30,50,14,17,70,60,0,0,1.5,1.8,12,15
WX 2,65,50,10,10,25,40,5,5.6,2,0.5,0.17,0.03,40,60,25,26,70,60,0,0,1.4,1.7,12,15
WX 3,40,35,15,15,40,50,5.2,5.8,2,0.5,0.17,0.03,45,65,35,32,70,60,0,0,1.5,1.8,12,15
X,72.8,67.7,10.5,11,16.8,21.4,7.2,7.4,0.36,0.25,0.07,0.05,88,87,13.3,14.5,50,47,2.1,3.8,1.5,1.5,8,6
XH,54.8,52.4,20.6,21.5,24.9,26.3,7.7,8.2,0.53,0.24,0.09,0.06,99,100,17.5,15.2,66,71,0.8,1.7,1.5,1.5,8,5
XH 1,75.9,75.8,12.5,12.1,11.7,12.3,7.8,8.7,0.65,0.23,0.09,0.05,100,100,21,14.9,54,41,0,1.2,1.5,1.5,7,5
XH 2,55,52,21,21,24,27,7.7,8.2,0.5,0.25,0.06,0.04,99,100,14,12,50,40,0,1,1.5,1.5,9,7
XH 3,33.8,28.9,28.8,31,38.2,40.3,7.9,8.1,0.44,0.27,0.08,0.07,100,100,16.2,18.3,40,44,1.7,1.9,1.5,1.5,9,6
XK,48.7,37.4,29.9,36.4,21.6,26.1,8.2,8.4,0.64,0.36,0.03,0.02,99,98,17.6,22.1,47,29,3,7,1.4,1.4,21,15
XK 1,85.8,77.9,3.8,7.8,10.3,14.3,8.4,9.2,0.5,0.25,0.03,0.02,100,100,11.6,9,65,60,1.8,11.2,1.6,1.6,17,12
XK 2,20.5,18.2,57.9,54.6,21.8,27,8.3,8.3,0.67,0.34,0.04,0.03,98,97,16,20,22,29,3.4,4.9,1.4,1.4,15,12
XK 3,47.5,54.2,12.9,10.5,39.6,35.3,7.6,8.1,0.83,0.37,0.06,0.03,100,100,35.2,44,80,80,1.5,5,1.4,1.4,14,11
XL,76,70.8,8,8.4,16.1,20.9,7.1,7.3,0.32,0.24,0.03,0.03,86,86,12.7,14,50,46,1.1,2.2,1.5,1.5,10,8
XL 1,83.3,79.3,6.5,6.2,10.3,14.5,7.1,7.2,0.22,0.17,0.02,0.02,85,84,13.3,14.5,60,51,0.3,0.5,1.6,1.5,12,10
XL 2,66.7,62.3,10.8,10.8,22.7,27.1,7,7.3,0.39,0.3,0.04,0.03,88,89,10.7,12.2,40,41,2.1,4.3,1.5,1.5,10,9
XL 3,38.2,27,12.7,16.2,49.2,56.9,7.9,8.2,0.58,0.45,0.06,0.05,100,100,24.1,24.5,43,39,5.8,10,1.4,1.4,10,9
XY,64.6,56.3,21.1,23.5,14.4,20.2,8.4,8.1,0.38,0.22,0.06,0.04,100,100,20,10,60,50,37.2,39.5,1.5,1.5,9,8
XY 1,96.7,86.6,1.3,5.3,2,8.1,8.8,8.4,0.23,0.12,0.02,0.01,100,100,10,5,60,50,43.5,34.9,1.6,1.4,11,9
XY 2,32.4,26,40.9,41.7,26.7,32.3,7.9,7.8,0.52,0.31,0.06,0.04,100,95,20,10,60,50,30.9,44.1,1.5,1.5,9,8
XY 3,40,35,22,23,38,42,8.5,8.2,0.5,0.25,0.06,0.03,100,100,22,15,60,50,35,45,1.4,1.5,9,8
Y,49.2,42.4,26,27.9,24.8,29.3,7.7,7.8,0.33,0.23,0.1,0.06,96,96,8.7,7.9,66,50,13.1,22.1,1.5,1.4,8,11
YH,50.4,40.8,29,38.9,20.6,20.3,6.6,6.8,0.3,0.2,0.04,0.03,75,80,13,11,60,50,0,0,1.5,1.4,8,11
YH 1,75,75,12,12,13,13,6.4,6.8,0.3,0.2,0.03,0.02,70,80,9,9,60,50,0,0,1.6,1.4,9,12
YH 2,50.4,40.8,29,38.9,20.6,20.3,6.6,6.8,0.4,0.25,0.04,0.03,75,80,13,11,60,50,0,0,1.5,1.4,8,11
YH 3,35,30,27,30,38,40,6.8,7,0.4,0.25,0.05,0.02,80,90,24,20,60,50,0,0.5,1.5,1.4,8,11
YK,63.5,51,17.9,21.1,18.7,27.5,8,8.2,0.26,0.2,0.18,0.11,99,97,8.9,7.7,78,57,19.9,39.6,1.5,1.4,8,10
YK 1,82.4,76.7,10.4,15,7.6,8.4,7.7,7.9,0.12,0.13,0.01,0.01,98,95,5.5,4.7,87,60,3.8,26.8,1.5,1.4,14,17
YK 2,57.7,47.3,25.7,30.3,16.6,21.9,8.2,8.2,0.3,0.24,0.03,0.02,100,100,9.8,11.3,59,52,26,37.7,1.6,1.4,10,12
YK 3,31.4,3.3,25,24,43,71.3,8.4,8.6,0.5,0.29,0.5,0.29,100,100,14.9,10.2,33,30,46.1,67.1,1.6,1.4,1,1
YL,69.8,53,5.7,8.3,24.4,38.7,6.3,7,0.4,0.2,0.04,0.02,71,81,7.1,10.5,30,26,0,0.5,1.5,1.5,10,10
YL 1,80,75,6,6,14,19,6.3,6.8,0.35,0.2,0.04,0.02,70,80,7,6,40,30,0,0,1.6,1.5,10,12
YL 2,69.8,53,5.7,8.3,24.4,38.7,6.3,7,0.4,0.25,0.04,0.02,71,81,7.1,10.5,30,26,0,0,1.5,1.5,10,13
YL 3,35,30,12,16,53,54,6.5,7.2,0.4,0.3,0.04,0.03,75,90,17,15,30,25,0,0.5,1.5,1.5,1,11
YT,10,5,40,40,50,55,8,7.4,0.41,0.4,0.05,0.06,100,95,15,18,30,33,17.3,21,1.7,1.5,8,7
YT 1,50,45,25,25,25,30,7.8,7.2,0.3,0.3,0.03,0.04,95,90,10,12,40,40,3,1,1.8,1.5,9,8
YT 2,45,40,28,33,27,27,8.2,7.6,0.4,0.3,0.05,0.04,100,95,12,12,44,44,5,20,1.7,1.5,8,7
YT 3,9,2,35,40,56,58,8.2,8,0.4,0.3,0.05,0.04,100,100,18,20,30,30,15,25,1.7,1.5,8,7
YY,49,48.5,10.7,9.4,40.3,41.8,8.3,8,0.13,0.16,0.07,0.01,99,97,3.8,2.7,60,50,20.7,19,1.5,1.4,7,16
YY 1,96,94.7,3,4.1,1,1.2,8,7.7,0.13,0.16,0.01,0.01,98,94,1.9,1.8,60,50,1.2,2.8,1.6,1.4,13,16
YY 2,35,30,40,40,25,30,8.3,8,0.15,0.15,0.02,0.01,100,100,5,3,60,50,20,15,1.5,1.4,10,15
YY 3,2,2.3,18.3,14.7,79.5,82.4,8.5,8.3,0.12,0.12,0.12,0.01,100,100,5.6,3.5,60,50,40.2,35.1,1.4,1.4,1,16
Z,39.5,36.7,23.4,24.8,37.2,38.6,9,9.2,0.49,0.36,0.05,0.05,100,100,16.6,19,45,44,19.5,22.6,1.8,1.5,13,9
ZG,47.8,41.7,8.5,11,43.8,47.4,9.2,9.2,0.38,0.35,0.05,0.07,100,100,17.6,20.5,40,43,30.4,32.4,1.7,1,17,9
ZG 1,78.1,62.1,8.2,13.9,13.7,23.9,10.6,10.2,0.2,0.2,0.01,0.02,100,100,7.2,15.8,47,65,45.3,45.7,1.8,1.8,18,10
ZG 2,65.9,66.5,3.6,5.1,30.5,28.8,10.4,10.4,0.11,0.23,0.01,0.03,100,100,7.8,6.8,24,21,30,30,1.7,1,17,9
ZG 3,23.6,19.2,11,12.4,65.5,68.5,8.7,8.7,0.41,0.35,0.02,0.04,100,100,27.8,29.7,44,42,47.1,61.5,1.7,1.7,23,10
ZM,48.4,48.9,34.1,36.9,17.5,15.3,8.5,8.7,1.83,0.97,0.2,0.14,100,100,20,14,80,70,19,24.4,1.5,1.5,9,7
ZM 1,85,75,5,5,10,20,8.2,8.5,1.5,0.7,0.15,0.09,100,100,13,16,80,70,10,20,1.6,1.6,10,8
ZM 2,48.4,48.9,34.1,36.9,17.5,15.3,8.5,8.7,1.83,0.97,0.2,0.14,100,100,20,14,80,70,19,24.4,1.5,1.5,9,7
ZM 3,30,20,30,25,40,55,8.7,8.7,1.8,0.9,0.18,0.11,100,100,38,40,80,70,20,25,1.5,1.5,10,8
ZO,43.2,37.2,24.6,24.5,32.4,38.2,9.3,9.5,0.4,0.28,0.03,0.03,100,100,13.9,16.8,47,42,9,11.5,1.8,1.8,12,10
ZO 1,95.6,75.9,0.8,2.5,4.2,21.3,8.9,10.1,0.18,0.07,0.02,0.01,100,100,2.6,5.9,46,24,0,5,1.7,1.7,12,10
ZO 2,37.9,34.7,45.6,46.2,16.6,19.2,9.5,9.4,0.49,0.24,0.04,0.02,100,100,6.6,10,44,43,1.9,2.7,1.8,1.5,12,10
ZO 3,22.2,20.5,15.7,13.7,62.2,65.7,9.3,9.4,0.42,0.42,0.04,0.04,100,100,26.8,29.1,48,51,16.1,20.2,1.9,1.9,12,10
ZT,19.2,25.2,37.6,39.6,43.1,35.2,8.4,8.7,0.39,0.31,0.05,0.05,100,100,21.5,21.8,51,53,19.2,24.3,1.8,1.5,10,10
ZT 1,50,45,35,45,15,10,8.2,8.5,0.3,0.25,0.03,0.02,100,100,9,6,50,50,0,5,1.8,1.5,10,10
ZT 2,46.9,63.9,30.7,24.6,22.1,11.5,8.3,8.6,0.25,0.23,0.04,0.04,100,100,10.5,8.6,44,53,5,15,1.7,1.5,6,6
ZT 3,5.4,5.8,41.1,47.2,53.6,47.1,8.4,8.7,0.46,0.36,0.06,0.05,100,100,32.5,34.9,57,53,19.2,24.3,1.7,1.5,12,12
DS,NaN,NaN,NaN,NaN,NaN,NaN,NaN,NaN,NaN,NaN,NaN,NaN,NaN,NaN,NaN,NaN,NaN,NaN,NaN,NaN,NaN,NaN,NaN,NaN
ST,NaN,NaN,NaN,NaN,NaN,NaN,NaN,NaN,NaN,NaN,NaN,NaN,NaN,NaN,NaN,NaN,NaN,NaN,NaN,NaN,NaN,NaN,NaN,NaN
RK,NaN,NaN,NaN,NaN,NaN,NaN,NaN,NaN,NaN,NaN,NaN,NaN,NaN,NaN,NaN,NaN,NaN,NaN,NaN,NaN,NaN,NaN,NaN,NaN
WR,NaN,NaN,NaN,NaN,NaN,NaN,NaN,NaN,NaN,NaN,NaN,NaN,NaN,NaN,NaN,NaN,NaN,NaN,NaN,NaN,NaN,NaN,NaN,NaN
GL,NaN,NaN,NaN,NaN,NaN,NaN,NaN,NaN,NaN,NaN,NaN,NaN,NaN,NaN,NaN,NaN,NaN,NaN,NaN,NaN,NaN,NaN,NaN,NaN
